[
{"action":{"type":"block"},"condition":{"urlFilter":"/plugins/footer-pop-up-banner/"},"id":1,"priority":10},
{"action":{"type":"block"},"condition":{"urlFilter":"/reclama/"},"id":2,"priority":10},
{"action":{"type":"block"},"condition":{"urlFilter":"/load_e.php"},"id":3,"priority":10},
{"action":{"type":"block"},"condition":{"urlFilter":"/preurl.php"},"id":4,"priority":10},
{"action":{"type":"block"},"condition":{"urlFilter":"/ac_d_n"},"id":5,"priority":10},
{"action":{"type":"block"},"condition":{"urlFilter":"/campaigns/click"},"id":6,"priority":10},
{"action":{"type":"block"},"condition":{"urlFilter":"||paydemic.com"},"id":7,"priority":10},
{"action":{"type":"block"},"condition":{"urlFilter":"||amazonaws.com/newd.cetrk.com/"},"id":8,"priority":10},
{"action":{"type":"block"},"condition":{"urlFilter":"||projectagora.s3.amazonaws.com"},"id":9,"priority":10},
{"action":{"type":"block"},"condition":{"urlFilter":"trafictube.ro/shop/"},"id":10,"priority":10},
{"action":{"type":"block"},"condition":{"urlFilter":"trafictube.ro/wp-content/themes/trafictubenew/js/custom1.js"},"id":11,"priority":10},
{"action":{"type":"block"},"condition":{"urlFilter":"||trafictube.ro/wp-content/banners/"},"id":12,"priority":10},
{"action":{"type":"block"},"condition":{"urlFilter":"||trafictube.ro/smecher/api/produs-responsive.php"},"id":13,"priority":10},
{"action":{"type":"block"},"condition":{"urlFilter":"||hdsupraveghere.ro/supraveghere125.jpg"},"id":14,"priority":10},
{"action":{"type":"block"},"condition":{"urlFilter":"||transilvaniareporter.ro/bannerilcjtreporter.png"},"id":15,"priority":10},
{"action":{"type":"block"},"condition":{"urlFilter":"||valentinu.ro/keyhost_125_x_125.gif"},"id":16,"priority":10},
{"action":{"type":"block"},"condition":{"urlFilter":"||biziday.ro/wp-content/themes/biziday/images/aegon/bizy-day-banner-lateral-animat-albastru.gif"},"id":17,"priority":10},
{"action":{"type":"block"},"condition":{"urlFilter":"||biziday.ro/wp-content/themes/biziday/images/rompetrol/rompetrol-2016_200x360px.jpg"},"id":18,"priority":10},
{"action":{"type":"block"},"condition":{"urlFilter":"||biziday.ro/wp-contents/uploads/2015/09/banner-biziday_ambitioasa.jpg"},"id":19,"priority":10},
{"action":{"type":"block"},"condition":{"urlFilter":"||manafu.ro/wp-content/uploads/2016/08/bitdefender.jpg"},"id":20,"priority":10},
{"action":{"type":"block"},"condition":{"urlFilter":"||petreanu.ro/wp-content/uploads/2016/08/banner-vlad.jpg"},"id":21,"priority":10},
{"action":{"type":"block"},"condition":{"urlFilter":"||petreanu.ro/wp-content/uploads/2016/08/banner-vlad-2.jpg"},"id":22,"priority":10},
{"action":{"type":"block"},"condition":{"urlFilter":"||tvdece.ro/wp-content/uploads/2014/03/banner_hoha_tvdece1.png"},"id":23,"priority":10},
{"action":{"type":"block"},"condition":{"urlFilter":"||tvdece.ro/wp-content/uploads/2014/03/printransilvania.jpg"},"id":24,"priority":10},
{"action":{"type":"block"},"condition":{"urlFilter":"||tvdece.ro/wp-content/uploads/2014/03/banner-usturoi1.jpg"},"id":25,"priority":10},
{"action":{"type":"block"},"condition":{"urlFilter":"||tvdece.ro/wp-content/uploads/2011/12/webfactor-foarte-mic_iepuri.jpg"},"id":26,"priority":10},
{"action":{"type":"block"},"condition":{"urlFilter":"zonait.tv/wp-content/uploads/2016/09/229-x-250_dreamhack.jpg"},"id":27,"priority":10},
{"action":{"type":"block"},"condition":{"urlFilter":"zonait.tv/wp-content/uploads/2016/10/irobot.jpg"},"id":28,"priority":10},
{"action":{"type":"block"},"condition":{"urlFilter":"||luju.ro/static/images/posta.jpg"},"id":29,"priority":10},
{"action":{"type":"block"},"condition":{"urlFilter":"||luju.ro/static/images/banner*"},"id":30,"priority":10},
{"action":{"type":"block"},"condition":{"urlFilter":"||luju.ro/static/images/ten.jpg"},"id":31,"priority":10},
{"action":{"type":"block"},"condition":{"urlFilter":"||luju.ro/static/images/juri2.jpg"},"id":32,"priority":10},
{"action":{"type":"block"},"condition":{"urlFilter":"||luju.ro/static/banners/banner-psd.jpg"},"id":33,"priority":10},
{"action":{"type":"block"},"condition":{"urlFilter":"||stiridecluj.ro/files/banners"},"id":34,"priority":10},
{"action":{"type":"block"},"condition":{"urlFilter":"||aerotim.ro/images/banner_240x140px.jpg"},"id":35,"priority":10},
{"action":{"type":"block"},"condition":{"urlFilter":"||aerotim.ro/images/bannercitylimo.gif"},"id":36,"priority":10},
{"action":{"type":"block"},"condition":{"urlFilter":"||aerotim.ro/images/hertz.gif"},"id":37,"priority":10},
{"action":{"type":"block"},"condition":{"urlFilter":"||aerotim.ro/images/thrifty.gif"},"id":38,"priority":10},
{"action":{"type":"block"},"condition":{"urlFilter":"||aerotim.ro/img/smartfit.gif"},"id":39,"priority":10},
{"action":{"type":"block"},"condition":{"urlFilter":"||aerotim.ro/img/bannerempty.jpg"},"id":40,"priority":10},
{"action":{"type":"block"},"condition":{"urlFilter":"||nosteam.ro/js/common.lib.js"},"id":41,"priority":10},
{"action":{"type":"block"},"condition":{"urlFilter":"||nosteam.ro/js/jquery.min.25-t1.js"},"id":42,"priority":10},
{"action":{"type":"block"},"condition":{"urlFilter":"||b1.ro/media/image/andfashion.gif"},"id":43,"priority":10},
{"action":{"type":"block"},"condition":{"urlFilter":"||lumeapokemon.ro/pokemon.gif"},"id":44,"priority":10},
{"action":{"type":"block"},"condition":{"urlFilter":"||ziuadevest.ro/images/banners/leaderboard/mall750x1006.jpg"},"id":45,"priority":10},
{"action":{"type":"block"},"condition":{"urlFilter":"||agerpres.ro/agerpres/views/site/pages/xml/widget.html*"},"id":46,"priority":10},
{"action":{"type":"block"},"condition":{"urlFilter":"||j745s.com"},"id":47,"priority":10},
{"action":{"type":"block"},"condition":{"urlFilter":"||timesnewroman.ro/files/attach/filebox/banner_nou_570x185.gif"},"id":48,"priority":10},
{"action":{"type":"block"},"condition":{"urlFilter":"||timesnewroman.ro/files/attach/images/127/598108/570x185animat2.gif"},"id":49,"priority":10},
{"action":{"type":"block"},"condition":{"urlFilter":"||cotidianul.ro/wp-content/uploads/*banner"},"id":50,"priority":10},
{"action":{"type":"block"},"condition":{"urlFilter":"||ziarulromanesc.de/*promo"},"id":51,"priority":10},
{"action":{"type":"block"},"condition":{"urlFilter":"||curentul.md/wp-content/banners/"},"id":52,"priority":10},
{"action":{"type":"block"},"condition":{"urlFilter":"||ph-online.ro/*banner"},"id":53,"priority":10},
{"action":{"type":"block"},"condition":{"urlFilter":"||sfatulmedicului.ro/external/img/adds*"},"id":54,"priority":10},
{"action":{"type":"block"},"condition":{"urlFilter":"||sfatulmedicului.ro/*/images/banner"},"id":55,"priority":10},
{"action":{"type":"block"},"condition":{"initiatorDomains":["mediafax.ro"],"requestDomains":["stream-aleph.m.ro"]},"id":56,"priority":10},
{"action":{"type":"block"},"condition":{"urlFilter":"||i.imgur.com/oj9g0zy.png"},"id":57,"priority":10},
{"action":{"type":"block"},"condition":{"urlFilter":"||ro-ph.com/img/banners/roph.jpg"},"id":58,"priority":10},
{"action":{"type":"block"},"condition":{"urlFilter":"||gsp.ro/*widgets/*betfair"},"id":59,"priority":10},
{"action":{"type":"block"},"condition":{"urlFilter":"||gsp.ro/*superbet"},"id":60,"priority":10},
{"action":{"type":"block"},"condition":{"initiatorDomains":["promotor.ro"],"requestDomains":["aff.carvertical.com"]},"id":61,"priority":10},
{"action":{"type":"block"},"condition":{"urlFilter":"||sighet247.ro/banners/"},"id":62,"priority":10},
{"action":{"type":"block"},"condition":{"urlFilter":"||media.dcnews.ro/ads/"},"id":63,"priority":10},
{"action":{"type":"block"},"condition":{"urlFilter":"||fanatik.ro/wp-content/uploads/*/*/netbet*.webp"},"id":64,"priority":10},
{"action":{"type":"block"},"condition":{"urlFilter":"||fanatik.ro/wp-content/uploads//*/*/netbet-fundal.svg"},"id":65,"priority":10},
{"action":{"type":"block"},"condition":{"urlFilter":"||fanatik.ro/wp-content/uploads/*/*/fortuna*.webp"},"id":66,"priority":10},
{"action":{"type":"block"},"condition":{"urlFilter":"||fanatik.ro/wp-content/uploads/*/*/betano*.webp"},"id":67,"priority":10},
{"action":{"type":"block"},"condition":{"urlFilter":"||romaniataramea.com/wp-content/plugins/buymeacoffee/"},"id":68,"priority":10},
{"action":{"type":"block"},"condition":{"initiatorDomains":["romaniataramea.com"],"requestDomains":["buymeacoffee.com"]},"id":69,"priority":10},
{"action":{"type":"block"},"condition":{"urlFilter":"||invicdn.clausweb-hosting.ro/*/publicitate"},"id":70,"priority":10},
{"action":{"type":"block"},"condition":{"urlFilter":"||alba24.ro/wp-content/uploads/*/*/banner*"},"id":71,"priority":10},
{"action":{"type":"block"},"condition":{"urlFilter":"||monitoruldevrancea.ro/*reclama"},"id":72,"priority":10},
{"action":{"type":"block"},"condition":{"urlFilter":"||computerblog.ro/banner/"},"id":73,"priority":10},
{"action":{"type":"block"},"condition":{"urlFilter":"||cargo-bus.ro/*banner"},"id":74,"priority":10},
{"action":{"type":"block"},"condition":{"initiatorDomains":["moise.ro"],"requestDomains":["imobiliare.ro"]},"id":75,"priority":10},
{"action":{"type":"block"},"condition":{"urlFilter":"||gedave.ro^*.gif"},"id":76,"priority":10},
{"action":{"type":"block"},"condition":{"urlFilter":"||arq.ro/html/media/banners"},"id":77,"priority":10},
{"action":{"type":"block"},"condition":{"urlFilter":"||mediafax.ro/publicitate"},"id":78,"priority":10},
{"action":{"type":"block"},"condition":{"urlFilter":"||criterii.ro/images/banner"},"id":79,"priority":10},
{"action":{"type":"block"},"condition":{"urlFilter":"||ziarulatac.ro/static/banner"},"id":80,"priority":10},
{"action":{"type":"block"},"condition":{"urlFilter":"||bancherul.ro/banner"},"id":81,"priority":10},
{"action":{"type":"block"},"condition":{"urlFilter":"||infotravelromania.ro/banner"},"id":82,"priority":10},
{"action":{"type":"block"},"condition":{"urlFilter":"||filmelexxx.com/*.php"},"id":83,"priority":10},
{"action":{"type":"block"},"condition":{"urlFilter":"||argument.ro/*banner"},"id":84,"priority":10},
{"action":{"type":"block"},"condition":{"urlFilter":"||newsbucuresti.ro/*romedica.jpg"},"id":85,"priority":10},
{"action":{"type":"block"},"condition":{"urlFilter":"||newsbucuresti.ro/*/2023/08/denta.jpg"},"id":86,"priority":10},
{"action":{"type":"block"},"condition":{"urlFilter":"||sputniknews."},"id":87,"priority":10},
{"action":{"type":"block"},"condition":{"urlFilter":"||sputnikglobe."},"id":88,"priority":10},
{"action":{"type":"block"},"condition":{"urlFilter":"||business24.ro/index.php?module=getactiveblockercontent.ajxinternal"},"id":89,"priority":10},
{"action":{"type":"block"},"condition":{"requestDomains":["3myad.com","7w.ro","adc-teasers.com","adexc.net","admonitoring.bsgroup.ro","ado.icorp.ro","adocean.pl","ads.gadget.ro","ads.tradeads.eu","ads1-adnow.com","ads2-adnow.com","ads2.evz.ro","ads3-adnow.com","adservingfactory.com","adsnative.com","adtlgc.com","aplizz.net","awstaticdn.net","banners.livepartners.com","blaneo.com","brand.ad","brat-online.ro","chargeplatform.com","contestapp.a1.ro","creativcdn.net","crwdcntrl.net","cumult.com","flx1.com","gazeta-romaneasca.ro","get-in-shape.beauty","gravityrd-services.com","gwngdfxtm.ru","hotjar.com","jsecoin.com","jurnalul-militar.ro","klodrum.com","kreativcdn.net","listat.biz","megapopads.com","minecrunch.co","new.cetrk.com","nnowa.com","olt-media.ro","oltenia-actualitati.ro","omniconvert.com","pornlash.com","profiling.avandor.com","profiling1.avandor.com","profitshare.emag.ro","profitshare.ro","pwa.grgs.ro","reasedoper.pw","retargeting.biz","rezistentaromanesca.ro","romania-noastra.ro","romania-unita.ro","romanii-liberi.ro","romanulnationalist.ro","s.atemda.com","s2blosh.com","secure.trafic.ro","serve.efortuna.ro","sgbm.info","st.ad.adnow.com","storage.icorp.ro","storage.trafic.ro","tesseradigital.com","track.atom-data.io","tynt.com","universul-stirilor.ro","www4.smartadserver.com","xamubee.ru","ziarul-democrat.ro","zm232.com"]},"id":90,"priority":10},
{"action":{"type":"block"},"condition":{"initiatorDomains":["deschide.md"],"requestDomains":["thumbs.gfycat.com"],"resourceTypes":["image"]},"id":91,"priority":10},
{"action":{"type":"block"},"condition":{"resourceTypes":["image"],"urlFilter":"||virginradio.ro/wp-content/uploads/2019/04/*kfc-dejun-virgin-*.png"},"id":92,"priority":10},
{"action":{"type":"block"},"condition":{"resourceTypes":["image"],"urlFilter":"||catchy.ro/wp-content/plugins/sam-images/"},"id":93,"priority":10},
{"action":{"type":"block"},"condition":{"resourceTypes":["image"],"urlFilter":"||media.stiripesurse.ro/assets/img/ads_img/"},"id":94,"priority":10},
{"action":{"type":"block"},"condition":{"resourceTypes":["image"],"urlFilter":"||media.stiripesurse.ro/image/*.gif"},"id":95,"priority":10},
{"action":{"type":"block"},"condition":{"resourceTypes":["image"],"urlFilter":"||media.stiripesurse.ro/assets/img/agerpres-300x250.png"},"id":96,"priority":10},
{"action":{"type":"block"},"condition":{"resourceTypes":["image"],"urlFilter":"||zonait.ro/*/728x90px"},"id":97,"priority":10},
{"action":{"type":"block"},"condition":{"resourceTypes":["image"],"urlFilter":"||mesagerulneamt.ro/*banner"},"id":98,"priority":10},
{"action":{"type":"block"},"condition":{"resourceTypes":["image"],"urlFilter":"||newsallert.ro/wp-content/uploads/2020/07/publiserv-sa-servicii*.jpg"},"id":99,"priority":10},
{"action":{"type":"block"},"condition":{"resourceTypes":["image"],"urlFilter":"||newsallert.ro/wp-content/uploads/2020/08/mugur-cozmanciuc-pnl-1200x-150px.png"},"id":100,"priority":10},
{"action":{"type":"block"},"condition":{"resourceTypes":["image"],"urlFilter":"||newsallert.ro/wp-content/uploads/2020/01/arhiprint_rca*.jpg"},"id":101,"priority":10},
{"action":{"type":"block"},"condition":{"resourceTypes":["image"],"urlFilter":"||newsallert.ro/wp-content/uploads/2020/03/salubritas-sa-servicii*.jpg"},"id":102,"priority":10},
{"action":{"type":"block"},"condition":{"resourceTypes":["image"],"urlFilter":"||newsallert.ro/wp-content/uploads/2019/10/mega-travel-sigla*.jpg"},"id":103,"priority":10},
{"action":{"type":"block"},"condition":{"resourceTypes":["image"],"urlFilter":"||newsallert.ro/wp-content/uploads/2020/08/banner-mugur-cozmanciuc-pnl-1200-x-150.png"},"id":104,"priority":10},
{"action":{"type":"block"},"condition":{"resourceTypes":["image"],"urlFilter":"||ziartarguneamt.ro/wp-content/uploads/2020/08/ardealul.png"},"id":105,"priority":10},
{"action":{"type":"block"},"condition":{"resourceTypes":["image"],"urlFilter":"||neamt24.ro/wp-content/uploads/2020/02/mplus-fm-creative-print*.jpg"},"id":106,"priority":10},
{"action":{"type":"block"},"condition":{"resourceTypes":["image"],"urlFilter":"||neamt24.ro/wp-content/uploads/2020/02/whatsapp-image-2020-02-22-at-09.57.34*.jpeg"},"id":107,"priority":10},
{"action":{"type":"block"},"condition":{"resourceTypes":["image"],"urlFilter":"||neamt24.ro/wp-content/uploads/2019/07/05*.jpg"},"id":108,"priority":10},
{"action":{"type":"block"},"condition":{"resourceTypes":["image"],"urlFilter":"||neamt24.ro/wp-content/uploads/2020/02/tesa*.jpg"},"id":109,"priority":10},
{"action":{"type":"block"},"condition":{"resourceTypes":["image"],"urlFilter":"||neamt24.ro/wp-content/uploads/2018/05/10846314_358363621010976_5389899719681894478_n*.jpg"},"id":110,"priority":10},
{"action":{"type":"block"},"condition":{"resourceTypes":["image"],"urlFilter":"||neamt24.ro/wp-content/uploads/2018/05/as2-*.jpg"},"id":111,"priority":10},
{"action":{"type":"block"},"condition":{"resourceTypes":["image"],"urlFilter":"||neamt24.ro/wp-content/uploads/2018/05/14361421_1788204751460538_8516078036903297482_o-*.jpg"},"id":112,"priority":10},
{"action":{"type":"block"},"condition":{"resourceTypes":["image"],"urlFilter":"||neamt24.ro/wp-content/uploads/2018/05/servelectron*.jpg"},"id":113,"priority":10},
{"action":{"type":"block"},"condition":{"resourceTypes":["image"],"urlFilter":"||neamt24.ro/wp-content/uploads/2018/05/magic-mirror*.jpg"},"id":114,"priority":10},
{"action":{"type":"block"},"condition":{"resourceTypes":["image"],"urlFilter":"||neamt24.ro/wp-content/uploads/2018/05/la-cetate*.jpg"},"id":115,"priority":10},
{"action":{"type":"block"},"condition":{"resourceTypes":["image"],"urlFilter":"||neamt24.ro/wp-content/uploads/2018/05/petshop*.jpg"},"id":116,"priority":10},
{"action":{"type":"block"},"condition":{"resourceTypes":["image"],"urlFilter":"||neamt24.ro/wp-content/uploads/2018/05/geneza-*.jpg"},"id":117,"priority":10},
{"action":{"type":"block"},"condition":{"resourceTypes":["image"],"urlFilter":"||neamt24.ro/wp-content/uploads/2018/05/coravi-2.jpg"},"id":118,"priority":10},
{"action":{"type":"block"},"condition":{"resourceTypes":["image"],"urlFilter":"||ziarpiatraneamt.ro/wp-content/uploads/2020/08/ardealul*.png"},"id":119,"priority":10},
{"action":{"type":"block"},"condition":{"resourceTypes":["image"],"urlFilter":"||ziarpiatraneamt.ro/wp-content/uploads/2020/06/rifil-neamt*.jpg"},"id":120,"priority":10},
{"action":{"type":"block"},"condition":{"resourceTypes":["image"],"urlFilter":"||ziarpiatraneamt.ro/wp-content/uploads/2020/06/brantner-piatra-neamt*.jpg"},"id":121,"priority":10},
{"action":{"type":"block"},"condition":{"resourceTypes":["image"],"urlFilter":"||portalsm.ro/wp-content/uploads/*.gif"},"id":122,"priority":10},
{"action":{"type":"block"},"condition":{"resourceTypes":["image"],"urlFilter":"||portalsm.ro/media/publicitate/"},"id":123,"priority":10},
{"action":{"type":"block"},"condition":{"resourceTypes":["image"],"urlFilter":"||presasm.ro/*reclama"},"id":124,"priority":10},
{"action":{"type":"block"},"condition":{"resourceTypes":["image"],"urlFilter":"||satumareonline.ro/*reclame"},"id":125,"priority":10},
{"action":{"type":"block"},"condition":{"initiatorDomains":["zoso.ro"],"requestDomains":["imgur.com","yoso.ro"],"resourceTypes":["image"]},"id":126,"priority":10},
{"action":{"type":"block"},"condition":{"resourceTypes":["image"],"urlFilter":"||zoso.ro/wp-content/"},"id":127,"priority":10},
{"action":{"type":"block"},"condition":{"resourceTypes":["image"],"urlFilter":"||eftimie.net/wp-content/uploads/2016/10/300x250animat2.gif"},"id":128,"priority":10},
{"action":{"type":"block"},"condition":{"resourceTypes":["image"],"urlFilter":"||picgifs.com/graphics/a/listen-live/animaatjes-listen-live-7518111.gif"},"id":129,"priority":10},
{"action":{"type":"block"},"condition":{"resourceTypes":["image"],"urlFilter":"||cdn.moise.ro/wp-content/themes/biziday/images/app-desktop.jpg"},"id":130,"priority":10},
{"action":{"type":"block"},"condition":{"resourceTypes":["image"],"urlFilter":"||cdn.moise.ro/wp-content/uploads/2017/02/bt-mic-sidebar.jpg"},"id":131,"priority":10},
{"action":{"type":"block"},"condition":{"resourceTypes":["image"],"urlFilter":"||cdn.moise.ro/wp-content/uploads/2017/04/emba_bucharest380x220_0603.gif"},"id":132,"priority":10},
{"action":{"type":"block"},"condition":{"resourceTypes":["image"],"urlFilter":"||cotatii.tradeville.eu/quotations/img/gr.png"},"id":133,"priority":10},
{"action":{"type":"block"},"condition":{"resourceTypes":["image"],"urlFilter":"||manafu.ro/*/banner"},"id":134,"priority":10},
{"action":{"type":"block"},"condition":{"resourceTypes":["image"],"urlFilter":"||agerpres.ro/agerpres/bannerfetch"},"id":135,"priority":10},
{"action":{"type":"block"},"condition":{"resourceTypes":["image"],"urlFilter":"||cabral.ro/ads/"},"id":136,"priority":10},
{"action":{"type":"block"},"condition":{"resourceTypes":["image"],"urlFilter":"||psnews.ro/ads/"},"id":137,"priority":10},
{"action":{"type":"block"},"condition":{"resourceTypes":["image"],"urlFilter":"||psnews.ro/*/*ad_ps*"},"id":138,"priority":10},
{"action":{"type":"block"},"condition":{"resourceTypes":["image"],"urlFilter":"||evz.ro/banners/"},"id":139,"priority":10},
{"action":{"type":"block"},"condition":{"resourceTypes":["image"],"urlFilter":"||evz.ro/*banner"},"id":140,"priority":10},
{"action":{"type":"block"},"condition":{"resourceTypes":["image"],"urlFilter":"||media.evz.ro/wp-content/uploads/2021/03/kuga-bdt.png"},"id":141,"priority":10},
{"action":{"type":"block"},"condition":{"resourceTypes":["image"],"urlFilter":"||bestchange.com/images/banners/"},"id":142,"priority":10},
{"action":{"type":"block"},"condition":{"resourceTypes":["image"],"urlFilter":"||tribuna.md^*.gif"},"id":143,"priority":10},
{"action":{"type":"block"},"condition":{"resourceTypes":["image"],"urlFilter":"||capital.ro/wp-content/uploads/2019/04/comunicate-online-capital.gif"},"id":144,"priority":10},
{"action":{"type":"block"},"condition":{"resourceTypes":["image"],"urlFilter":"||capital.ro/wp-content/uploads/2020/01/bdt-fordstore-28012020.jpg"},"id":145,"priority":10},
{"action":{"type":"block"},"condition":{"resourceTypes":["image"],"urlFilter":"||capital.ro/img/buton_shop.png"},"id":146,"priority":10},
{"action":{"type":"block"},"condition":{"resourceTypes":["image"],"urlFilter":"||capital.ro/*banner"},"id":147,"priority":10},
{"action":{"type":"block"},"condition":{"resourceTypes":["image"],"urlFilter":"||timponline.ro/*300x250"},"id":148,"priority":10},
{"action":{"type":"block"},"condition":{"resourceTypes":["image"],"urlFilter":"||timponline.ro/*728x90.jpg"},"id":149,"priority":10},
{"action":{"type":"block"},"condition":{"resourceTypes":["image"],"urlFilter":"||replicaonline.ro/banner/"},"id":150,"priority":10},
{"action":{"type":"block"},"condition":{"resourceTypes":["image"],"urlFilter":"||replicaonline.ro/rbin/rdata/"},"id":151,"priority":10},
{"action":{"type":"block"},"condition":{"resourceTypes":["image"],"urlFilter":"||crestinortodox.ro/img/pub/"},"id":152,"priority":10},
{"action":{"type":"block"},"condition":{"resourceTypes":["image"],"urlFilter":"||opiniatimisoarei.ro/*.gif"},"id":153,"priority":10},
{"action":{"type":"block"},"condition":{"resourceTypes":["image"],"urlFilter":"||opiniatimisoarei.ro/*banner"},"id":154,"priority":10},
{"action":{"type":"block"},"condition":{"resourceTypes":["image"],"urlFilter":"||agrointel.ro/*.gif"},"id":155,"priority":10},
{"action":{"type":"block"},"condition":{"resourceTypes":["image"],"urlFilter":"||ziuaconstanta.ro/images/banners/"},"id":156,"priority":10},
{"action":{"type":"block"},"condition":{"resourceTypes":["image"],"urlFilter":"||adevarul.ro/assets/adevarul.ro/mrimage/2019/02/20/5c6d75d7445219c57e642558/orig.jpg"},"id":157,"priority":10},
{"action":{"type":"block"},"condition":{"resourceTypes":["image"],"urlFilter":"||adevarul.ro/assets/adevarul.ro/mrimage/2019/05/27/5cec182e445219c57e1efd38/orig.jpg"},"id":158,"priority":10},
{"action":{"type":"block"},"condition":{"resourceTypes":["image"],"urlFilter":"||clubopel.com/8080/images/autopieseonline24.gif"},"id":159,"priority":10},
{"action":{"type":"block"},"condition":{"resourceTypes":["image"],"urlFilter":"||clubopel.com/8080/images/autodoc24.gif"},"id":160,"priority":10},
{"action":{"type":"block"},"condition":{"resourceTypes":["image"],"urlFilter":"||clubopel.com/8080/images/euautopiese.ro.gif"},"id":161,"priority":10},
{"action":{"type":"block"},"condition":{"resourceTypes":["image"],"urlFilter":"||clubopel.com/8080/images/dwight.gif"},"id":162,"priority":10},
{"action":{"type":"block"},"condition":{"resourceTypes":["image"],"urlFilter":"||multecase.ro/assets/img/banners/"},"id":163,"priority":10},
{"action":{"type":"block"},"condition":{"resourceTypes":["image"],"urlFilter":"||digi24.ro/static/img/adblock.jpg"},"id":164,"priority":10},
{"action":{"type":"block"},"condition":{"resourceTypes":["image"],"urlFilter":"||rangfort.ro/*/rfhz.png"},"id":165,"priority":10},
{"action":{"type":"block"},"condition":{"resourceTypes":["image"],"urlFilter":"||nimfomane.com/wp-content/uploads/*.gif"},"id":166,"priority":10},
{"action":{"type":"block"},"condition":{"resourceTypes":["image"],"urlFilter":"||gsp.ro/*/widgets*.gif"},"id":167,"priority":10},
{"action":{"type":"block"},"condition":{"resourceTypes":["image"],"urlFilter":"||gsp.ro^*banner"},"id":168,"priority":10},
{"action":{"type":"block"},"condition":{"resourceTypes":["image"],"urlFilter":"||gsp.ro/*maxbet"},"id":169,"priority":10},
{"action":{"type":"block"},"condition":{"resourceTypes":["image"],"urlFilter":"||gsp.ro/*/betano"},"id":170,"priority":10},
{"action":{"type":"block"},"condition":{"resourceTypes":["image"],"urlFilter":"||oradesibiu.ro/wp-content/uploads/*/*/banner*.jpg"},"id":171,"priority":10},
{"action":{"type":"block"},"condition":{"resourceTypes":["image"],"urlFilter":"||oradesibiu.ro/wp-content/uploads/*/*/*-banner-*.gif"},"id":172,"priority":10},
{"action":{"type":"block"},"condition":{"resourceTypes":["image"],"urlFilter":"||filmecrestineonline.ro/wp-content/uploads/2021/01/nail-khusnutdinov-als-171-000-aro-244-modelling-0-1.jpg"},"id":173,"priority":10},
{"action":{"type":"block"},"condition":{"resourceTypes":["image"],"urlFilter":"||filmecrestineonline.ro/wp-content/uploads/2017/09/resizedimage-300x150.png"},"id":174,"priority":10},
{"action":{"type":"block"},"condition":{"resourceTypes":["image"],"urlFilter":"||filmecrestineonline.ro/wp-content/uploads/2017/12/banner-video-crestin.png"},"id":175,"priority":10},
{"action":{"type":"block"},"condition":{"resourceTypes":["image"],"urlFilter":"||hoinaru.ro/wp-content/uploads/*/*/banner*"},"id":176,"priority":10},
{"action":{"type":"block"},"condition":{"resourceTypes":["image"],"urlFilter":"||media.dcnews.ro/nxt/bolero2300x600min.jpg"},"id":177,"priority":10},
{"action":{"type":"block"},"condition":{"resourceTypes":["image"],"urlFilter":"||media.dcnews.ro/nxt/publicitate_v2.jpg"},"id":178,"priority":10},
{"action":{"type":"block"},"condition":{"resourceTypes":["image"],"urlFilter":"||fanatik.ro/*fortuna.svg"},"id":179,"priority":10},
{"action":{"type":"block"},"condition":{"resourceTypes":["image"],"urlFilter":"||fanatik.ro^*betano*.svg"},"id":180,"priority":10},
{"action":{"type":"block"},"condition":{"resourceTypes":["image"],"urlFilter":"||ziare.com^*.gif"},"id":181,"priority":10},
{"action":{"type":"block"},"condition":{"initiatorDomains":["arenait.ro"],"resourceTypes":["image"],"urlFilter":"||i0.wp.com/arenait.ro/files/*/banner"},"id":182,"priority":10},
{"action":{"type":"block"},"condition":{"resourceTypes":["image"],"urlFilter":"||divahair.ro/*/featured_brands/"},"id":183,"priority":10},
{"action":{"type":"block"},"condition":{"resourceTypes":["image"],"urlFilter":"||focuspress.ro/wp-content/uploads/*/ad"},"id":184,"priority":10},
{"action":{"type":"block"},"condition":{"resourceTypes":["image"],"urlFilter":"||focuspress.ro/*banner"},"id":185,"priority":10},
{"action":{"type":"block"},"condition":{"resourceTypes":["image"],"urlFilter":"||sfatulparintilor.ro/*banner"},"id":186,"priority":10},
{"action":{"type":"block"},"condition":{"resourceTypes":["image"],"urlFilter":"||serveresamp.com/banner"},"id":187,"priority":10},
{"action":{"type":"block"},"condition":{"initiatorDomains":["floteauto.ro"],"resourceTypes":["image"],"urlFilter":"||autoexpert.ro/img/rca300.png"},"id":188,"priority":10},
{"action":{"type":"block"},"condition":{"resourceTypes":["image"],"urlFilter":"||floteauto.ro/*banner"},"id":189,"priority":10},
{"action":{"type":"block"},"condition":{"resourceTypes":["image"],"urlFilter":"||onlinesport.ro/uploads/*.gif"},"id":190,"priority":10},
{"action":{"type":"block"},"condition":{"resourceTypes":["image"],"urlFilter":"||cdn.aktual24.ro/wp-content/uploads/2022/02/simion4-*.png"},"id":191,"priority":10},
{"action":{"type":"block"},"condition":{"resourceTypes":["image"],"urlFilter":"||dirtbike.ro/*banner"},"id":192,"priority":10},
{"action":{"type":"block"},"condition":{"resourceTypes":["image"],"urlFilter":"||monitorulexpres.ro/*banner"},"id":193,"priority":10},
{"action":{"type":"block"},"condition":{"resourceTypes":["image"],"urlFilter":"||ziarulevenimentul.ro/data/_editor/"},"id":194,"priority":10},
{"action":{"type":"block"},"condition":{"resourceTypes":["image"],"urlFilter":"||investigatoria.ro/*banner"},"id":195,"priority":10},
{"action":{"type":"block"},"condition":{"resourceTypes":["image"],"urlFilter":"||desteptarea.ro/*.gif"},"id":196,"priority":10},
{"action":{"type":"block"},"condition":{"resourceTypes":["image"],"urlFilter":"||autolatest.ro/wp-content/uploads/*/banner"},"id":197,"priority":10},
{"action":{"type":"block"},"condition":{"resourceTypes":["image"],"urlFilter":"||project-e.ro/*.gif"},"id":198,"priority":10},
{"action":{"type":"block"},"condition":{"resourceTypes":["image"],"urlFilter":"||alba24.ro/wp-content/uploads/*/*/728x150.png"},"id":199,"priority":10},
{"action":{"type":"block"},"condition":{"resourceTypes":["image"],"urlFilter":"||alba24.ro/*banner*.gif"},"id":200,"priority":10},
{"action":{"type":"block"},"condition":{"resourceTypes":["image"],"urlFilter":"||ziarulunirea.ro^*.gif"},"id":201,"priority":10},
{"action":{"type":"block"},"condition":{"resourceTypes":["image"],"urlFilter":"||vremeanoua.ro/wp-content/uploads/*/*/banner*.jpg"},"id":202,"priority":10},
{"action":{"type":"block"},"condition":{"resourceTypes":["image"],"urlFilter":"||vremeanoua.ro/*gif"},"id":203,"priority":10},
{"action":{"type":"block"},"condition":{"initiatorDomains":["stiridesibiu.ro"],"resourceTypes":["image"],"urlFilter":"||cdn.sanity.io/images/*1170x90.jpg*"},"id":204,"priority":10},
{"action":{"type":"block"},"condition":{"initiatorDomains":["stiridesibiu.ro"],"resourceTypes":["image"],"urlFilter":"||cdn.sanity.io*gif"},"id":205,"priority":10},
{"action":{"type":"block"},"condition":{"resourceTypes":["image"],"urlFilter":"||weradio.ro/*banner*"},"id":206,"priority":10},
{"action":{"type":"block"},"condition":{"resourceTypes":["image"],"urlFilter":"||curier.ro^*/banner/"},"id":207,"priority":10},
{"action":{"type":"block"},"condition":{"resourceTypes":["image"],"urlFilter":"||curier.ro^*/publicitate/"},"id":208,"priority":10},
{"action":{"type":"block"},"condition":{"resourceTypes":["image"],"urlFilter":"||startingup.ro^*/banner*"},"id":209,"priority":10},
{"action":{"type":"block"},"condition":{"resourceTypes":["image"],"urlFilter":"||giurgiuveanul.ro/stiri/*banner"},"id":210,"priority":10},
{"action":{"type":"block"},"condition":{"resourceTypes":["image"],"urlFilter":"||independentonline.ro^*/commercials/"},"id":211,"priority":10},
{"action":{"type":"block"},"condition":{"resourceTypes":["image"],"urlFilter":"||inturda.ro^*.gif"},"id":212,"priority":10},
{"action":{"type":"block"},"condition":{"resourceTypes":["image"],"urlFilter":"||campinatv.ro/photos/ad_"},"id":213,"priority":10},
{"action":{"type":"block"},"condition":{"resourceTypes":["image"],"urlFilter":"||ziartopdearges.com^*.gif"},"id":214,"priority":10},
{"action":{"type":"block"},"condition":{"initiatorDomains":["refleqtmedia.ro"],"resourceTypes":["image"],"urlFilter":"||i0.wp.com^*.gif"},"id":215,"priority":10},
{"action":{"type":"block"},"condition":{"resourceTypes":["image"],"urlFilter":"||glasul-hd.ro/*1200x200px.jpg"},"id":216,"priority":10},
{"action":{"type":"block"},"condition":{"resourceTypes":["image"],"urlFilter":"||clujust.ro/*banner"},"id":217,"priority":10},
{"action":{"type":"block"},"condition":{"resourceTypes":["image"],"urlFilter":"||clujust.ro/*.gif"},"id":218,"priority":10},
{"action":{"type":"block"},"condition":{"resourceTypes":["image"],"urlFilter":"||napocanews.ro/*banner"},"id":219,"priority":10},
{"action":{"type":"block"},"condition":{"resourceTypes":["image"],"urlFilter":"||anime-kage.eu/media/affiliate/"},"id":220,"priority":10},
{"action":{"type":"block"},"condition":{"resourceTypes":["image"],"urlFilter":"||geekchronicles.ro/*lisandraad"},"id":221,"priority":10},
{"action":{"type":"block"},"condition":{"resourceTypes":["image"],"urlFilter":"||geekchronicles.ro/*/ban"},"id":222,"priority":10},
{"action":{"type":"block"},"condition":{"resourceTypes":["image"],"urlFilter":"||opiniabuzau.ro/*banner"},"id":223,"priority":10},
{"action":{"type":"block"},"condition":{"resourceTypes":["image"],"urlFilter":"||graiulsalajului.ro/*banner"},"id":224,"priority":10},
{"action":{"type":"block"},"condition":{"resourceTypes":["image"],"urlFilter":"||graiulsalajului.ro/*2048x136"},"id":225,"priority":10},
{"action":{"type":"block"},"condition":{"resourceTypes":["image"],"urlFilter":"||voceavalcii.ro/*ad.jpg"},"id":226,"priority":10},
{"action":{"type":"block"},"condition":{"resourceTypes":["image"],"urlFilter":"||gazetadambovitei.ro/*.gif"},"id":227,"priority":10},
{"action":{"type":"block"},"condition":{"resourceTypes":["image"],"urlFilter":"||viata-libera.ro/images/banners/"},"id":228,"priority":10},
{"action":{"type":"block"},"condition":{"resourceTypes":["image"],"urlFilter":"||monitoruldevrancea.ro/*banner"},"id":229,"priority":10},
{"action":{"type":"block"},"condition":{"resourceTypes":["image"],"urlFilter":"||newmoney.ro/*banner"},"id":230,"priority":10},
{"action":{"type":"block"},"condition":{"resourceTypes":["image"],"urlFilter":"||filme-bune.biz^*.gif"},"id":231,"priority":10},
{"action":{"type":"block"},"condition":{"resourceTypes":["image"],"urlFilter":"||topgear.ro^*banner"},"id":232,"priority":10},
{"action":{"type":"block"},"condition":{"resourceTypes":["image"],"urlFilter":"||topgear.ro^*gif"},"id":233,"priority":10},
{"action":{"type":"block"},"condition":{"resourceTypes":["image"],"urlFilter":"||lajumate.ro/images/banners/"},"id":234,"priority":10},
{"action":{"type":"block"},"condition":{"resourceTypes":["image"],"urlFilter":"||computerblog.ro^*970x250"},"id":235,"priority":10},
{"action":{"type":"block"},"condition":{"resourceTypes":["image"],"urlFilter":"||computerblog.ro^*600_300"},"id":236,"priority":10},
{"action":{"type":"block"},"condition":{"resourceTypes":["image"],"urlFilter":"||bankingnews.ro/*banner"},"id":237,"priority":10},
{"action":{"type":"block"},"condition":{"resourceTypes":["image"],"urlFilter":"||i0.wp.com/r3media.ro/*/banner"},"id":238,"priority":10},
{"action":{"type":"block"},"condition":{"resourceTypes":["image"],"urlFilter":"||lyberti.com/*.gif"},"id":239,"priority":10},
{"action":{"type":"block"},"condition":{"resourceTypes":["image"],"urlFilter":"||impactpress.ro/*.gif"},"id":240,"priority":10},
{"action":{"type":"block"},"condition":{"resourceTypes":["image"],"urlFilter":"||stiriest.ro/*banners"},"id":241,"priority":10},
{"action":{"type":"block"},"condition":{"resourceTypes":["image"],"urlFilter":"||stiriest.ro/*.gif"},"id":242,"priority":10},
{"action":{"type":"block"},"condition":{"resourceTypes":["image"],"urlFilter":"||newsbv.ro/*banner"},"id":243,"priority":10},
{"action":{"type":"block"},"condition":{"resourceTypes":["image"],"urlFilter":"||cargo-bus.ro/*.gif"},"id":244,"priority":10},
{"action":{"type":"block"},"condition":{"resourceTypes":["image"],"urlFilter":"||buzau.net^*gif"},"id":245,"priority":10},
{"action":{"type":"block"},"condition":{"resourceTypes":["image"],"urlFilter":"||buzau.net/*promo"},"id":246,"priority":10},
{"action":{"type":"block"},"condition":{"resourceTypes":["image"],"urlFilter":"||damboviteanul.com^*.gif"},"id":247,"priority":10},
{"action":{"type":"block"},"condition":{"resourceTypes":["image"],"urlFilter":"||sportulsalajean.ro/*banner"},"id":248,"priority":10},
{"action":{"type":"block"},"condition":{"resourceTypes":["image"],"urlFilter":"||ziarulincomod.ro^*gif"},"id":249,"priority":10},
{"action":{"type":"block"},"condition":{"resourceTypes":["image"],"urlFilter":"||dailyfeed.ro/*banner"},"id":250,"priority":10},
{"action":{"type":"block"},"condition":{"resourceTypes":["image"],"urlFilter":"||mediaflux.ro/*banner"},"id":251,"priority":10},
{"action":{"type":"block"},"condition":{"resourceTypes":["image"],"urlFilter":"||stiridinromania.ro^*.gif"},"id":252,"priority":10},
{"action":{"type":"block"},"condition":{"resourceTypes":["image"],"urlFilter":"||brasovstiri.ro/*banner"},"id":253,"priority":10},
{"action":{"type":"block"},"condition":{"resourceTypes":["image"],"urlFilter":"||brasovmetropolitan.ro/*banner"},"id":254,"priority":10},
{"action":{"type":"block"},"condition":{"resourceTypes":["image"],"urlFilter":"||observatorulbv.ro/*banner"},"id":255,"priority":10},
{"action":{"type":"block"},"condition":{"resourceTypes":["image"],"urlFilter":"||pitesti24.ro/*banner"},"id":256,"priority":10},
{"action":{"type":"block"},"condition":{"initiatorDomains":["ctnews.ro"],"resourceTypes":["image"],"urlFilter":"||wp.com/*banner"},"id":257,"priority":10},
{"action":{"type":"block"},"condition":{"resourceTypes":["image"],"urlFilter":"||litoraltv.ro/*banner"},"id":258,"priority":10},
{"action":{"type":"block"},"condition":{"resourceTypes":["image"],"urlFilter":"||ziaruldinmuscel.ro/*reclama"},"id":259,"priority":10},
{"action":{"type":"block"},"condition":{"resourceTypes":["image"],"urlFilter":"||obiectivbr.ro/*/banner/"},"id":260,"priority":10},
{"action":{"type":"block"},"condition":{"resourceTypes":["image"],"urlFilter":"||fileshare.ro/banners"},"id":261,"priority":10},
{"action":{"type":"block"},"condition":{"resourceTypes":["image"],"urlFilter":"||albaiulianul.ro/images/banners/"},"id":262,"priority":10},
{"action":{"type":"block"},"condition":{"resourceTypes":["image"],"urlFilter":"||cronicazilei.ro/*banner-"},"id":263,"priority":10},
{"action":{"type":"block"},"condition":{"resourceTypes":["image"],"urlFilter":"||ziaruldebacau.ro/*banner"},"id":264,"priority":10},
{"action":{"type":"block"},"condition":{"resourceTypes":["image"],"urlFilter":"||ziaruldebacau.ro/*reclama"},"id":265,"priority":10},
{"action":{"type":"block"},"condition":{"resourceTypes":["image"],"urlFilter":"||viata-libera.ro/*banner"},"id":266,"priority":10},
{"action":{"type":"block"},"condition":{"resourceTypes":["image"],"urlFilter":"||revistaconstructiilor.eu/*banner"},"id":267,"priority":10},
{"action":{"type":"block"},"condition":{"resourceTypes":["image"],"urlFilter":"||autoplay.ro/*banner"},"id":268,"priority":10},
{"action":{"type":"block"},"condition":{"resourceTypes":["image"],"urlFilter":"||spectacola.ro/*banner"},"id":269,"priority":10},
{"action":{"type":"block"},"condition":{"resourceTypes":["image"],"urlFilter":"||novatv.ro/*banner"},"id":270,"priority":10},
{"action":{"type":"block"},"condition":{"resourceTypes":["image"],"urlFilter":"||ghiseulbancar.ro/files/anunturi/"},"id":271,"priority":10},
{"action":{"type":"block"},"condition":{"resourceTypes":["image"],"urlFilter":"||anunturigalati.ro/images/*.gif"},"id":272,"priority":10},
{"action":{"type":"block"},"condition":{"resourceTypes":["image"],"urlFilter":"||site-anunturi.ro/*reclama"},"id":273,"priority":10},
{"action":{"type":"block"},"condition":{"resourceTypes":["image"],"urlFilter":"||anunturigarla.ro/banners/*.gif"},"id":274,"priority":10},
{"action":{"type":"block"},"condition":{"resourceTypes":["image"],"urlFilter":"||bzb.ro/files/banner"},"id":275,"priority":10},
{"action":{"type":"block"},"condition":{"resourceTypes":["image"],"urlFilter":"||info1tv.ro/*.gif"},"id":276,"priority":10},
{"action":{"type":"block"},"condition":{"resourceTypes":["image"],"urlFilter":"||ziarulsanatatea.ro/*banner"},"id":277,"priority":10},
{"action":{"type":"block"},"condition":{"resourceTypes":["image"],"urlFilter":"||reporteris.ro/*.gif"},"id":278,"priority":10},
{"action":{"type":"block"},"condition":{"resourceTypes":["image"],"urlFilter":"||reporteris.ro/images/banners/"},"id":279,"priority":10},
{"action":{"type":"block"},"condition":{"resourceTypes":["image"],"urlFilter":"||stirivaslui.ro/*reclama"},"id":280,"priority":10},
{"action":{"type":"block"},"condition":{"resourceTypes":["image"],"urlFilter":"||stirisuceava.ro/*reclama"},"id":281,"priority":10},
{"action":{"type":"block"},"condition":{"resourceTypes":["image"],"urlFilter":"||roman24.ro/w*banner"},"id":282,"priority":10},
{"action":{"type":"block"},"condition":{"resourceTypes":["image"],"urlFilter":"||roman24.ro/wp-content/*.gif"},"id":283,"priority":10},
{"action":{"type":"block"},"condition":{"resourceTypes":["image"],"urlFilter":"||botosaneanul.ro/reclame/"},"id":284,"priority":10},
{"action":{"type":"block"},"condition":{"resourceTypes":["image"],"urlFilter":"||roforum.net/*sponsor"},"id":285,"priority":10},
{"action":{"type":"block"},"condition":{"resourceTypes":["image"],"urlFilter":"||clubmercedes.ro/*.gif"},"id":286,"priority":10},
{"action":{"type":"block"},"condition":{"resourceTypes":["image"],"urlFilter":"||atacdeconstanta.com/*banner-"},"id":287,"priority":10},
{"action":{"type":"block"},"condition":{"resourceTypes":["image"],"urlFilter":"||atacdeconstanta.com/*vivo*.gif"},"id":288,"priority":10},
{"action":{"type":"block"},"condition":{"initiatorDomains":["zf.ro"],"requestDomains":["gemius.mgr.consensu.org"],"resourceTypes":["script"]},"id":289,"priority":10},
{"action":{"type":"block"},"condition":{"resourceTypes":["script"],"urlFilter":".ro/track.js?"},"id":290,"priority":10},
{"action":{"type":"block"},"condition":{"resourceTypes":["script"],"urlFilter":"||nosteam.ro/themes/*alph21"},"id":291,"priority":10},
{"action":{"type":"block"},"condition":{"initiatorDomains":["playfs.com"],"requestDomains":["cloudfront.net"],"resourceTypes":["script"]},"id":292,"priority":10},
{"action":{"type":"block"},"condition":{"initiatorDomains":["prosport.ro"],"resourceTypes":["script"],"urlFilter":"||widgets.apropo.ro/js/providers/autopro/widgets/ads/widget.js"},"id":293,"priority":10},
{"action":{"type":"block"},"condition":{"initiatorDomains":["ph-online.ro"],"resourceTypes":["script"],"urlFilter":"||connect.facebook.net/ro_ro/all.js"},"id":294,"priority":10},
{"action":{"type":"block"},"condition":{"initiatorDomains":["vzlinks.com"],"resourceTypes":["script"],"urlFilter":"||unpkg.com/videojs-vast-vpaid@2.0.2/bin/videojs_5.vast.vpaid.min.js"},"id":295,"priority":10},
{"action":{"type":"block"},"condition":{"resourceTypes":["xmlhttprequest"],"urlFilter":"||ivm.antenaplay.ro/fadead_check.php"},"id":296,"priority":10},
{"action":{"type":"block"},"condition":{"initiatorDomains":["zf.ro"],"requestDomains":["alephnews.ro","stream-aleph.m.ro"],"resourceTypes":["xmlhttprequest"]},"id":297,"priority":10},
{"action":{"type":"block"},"condition":{"initiatorDomains":["trafictube.ro"],"requestDomains":["trafictube.ro"],"resourceTypes":["xmlhttprequest"]},"id":298,"priority":10},
{"action":{"type":"block"},"condition":{"resourceTypes":["sub_frame"],"urlFilter":"||partner.dw-world.de/syndication/feeds/rss-en-hotnews.2757-cb.html"},"id":299,"priority":10},
{"action":{"type":"block"},"condition":{"resourceTypes":["sub_frame"],"urlFilter":"||partner.dw-world.de/syndication/feeds/vtpartner_hotnewsecon.2756-cb.html"},"id":300,"priority":10},
{"action":{"type":"block"},"condition":{"resourceTypes":["sub_frame"],"urlFilter":"||privesc.eu/widget/embeded/inregistrare/romania,parlament,guvern,conferinte,offlineuri,emisiuni,concerte,retransmisiuni,sport,monden,altele,hotnews"},"id":301,"priority":10},
{"action":{"type":"block"},"condition":{"initiatorDomains":["vremea.ido.ro"],"resourceTypes":["sub_frame"],"urlFilter":"||ido.ro/i/a/160.php"},"id":302,"priority":10},
{"action":{"type":"block"},"condition":{"initiatorDomains":["vremea.ido.ro"],"resourceTypes":["sub_frame"],"urlFilter":"||ido.ro/i/a/300.php"},"id":303,"priority":10},
{"action":{"type":"block"},"condition":{"resourceTypes":["sub_frame"],"urlFilter":"||mediafax.ro/dacia-plant"},"id":304,"priority":10},
{"action":{"type":"block"},"condition":{"resourceTypes":["sub_frame"],"urlFilter":"||mediafax.ro/sanador"},"id":305,"priority":10},
{"action":{"type":"block"},"condition":{"resourceTypes":["sub_frame"],"urlFilter":"||horticultorul.ro/rcl/*.html"},"id":306,"priority":10},
{"action":{"type":"block"},"condition":{"initiatorDomains":["filme2023.online"],"resourceTypes":["sub_frame"],"urlFilter":"&ad="},"id":307,"priority":10},
{"action":{"type":"block"},"condition":{"resourceTypes":["media"],"urlFilter":"||gandul.ro/*tobacco"},"id":308,"priority":10},
{"action":{"type":"block"},"condition":{"initiatorDomains":["moise.ro"],"requestDomains":["push.tradeville.eu"],"resourceTypes":["websocket"]},"id":309,"priority":10},
{"action":{"type":"block"},"condition":{"requestDomains":["femeisingure.net"],"resourceTypes":["main_frame"]},"id":310,"priority":10},
{"action":{"type":"block"},"condition":{"resourceTypes":["main_frame"],"urlFilter":"||easyaff.net/?ref"},"id":311,"priority":10},
{"action":{"type":"block"},"condition":{"resourceTypes":["main_frame"],"urlFilter":"/click?impid="},"id":312,"priority":10},
{"action":{"type":"block"},"condition":{"resourceTypes":["main_frame"],"urlFilter":"&ad_campaign_id"},"id":313,"priority":10},
{"action":{"type":"block"},"condition":{"domainType":"firstParty","resourceTypes":["script"],"urlFilter":"||observatorulph.ro/cdn-cgi/apps/"},"id":314,"priority":10},
{"action":{"type":"block"},"condition":{"domainType":"firstParty","initiatorDomains":["dot.ro"],"resourceTypes":["script"],"urlFilter":"/cdn-cgi/apps/head/"},"id":315,"priority":10},
{"action":{"type":"block"},"condition":{"domainType":"firstParty","resourceTypes":["xmlhttprequest"],"urlFilter":"||sapi.emag.*/recommendations/*zones=adss"},"id":316,"priority":10},
{"action":{"type":"block"},"condition":{"domainType":"thirdParty","requestDomains":["2parale.ro","2performant.com","adsmedia.ro","bannersnack.com","best-top.ro","confortmedia.ro","director-web.helponline.ro","e-day.ro","evensys.ro","geozo.com","gtop.ro","hit100.ro","integr8.digital","kkadverts.com","mookie1.com","roportal.ro","simpatie.ro","statistics.ro","top-ro.ro","trafic.ro","trafix.ro","zontera.com"]},"id":317,"priority":10},
{"action":{"type":"block"},"condition":{"domainType":"thirdParty","urlFilter":"||t5.ro/static/"},"id":318,"priority":10},
{"action":{"type":"block"},"condition":{"domainType":"thirdParty","urlFilter":"||smartdreamers.ro/embed/"},"id":319,"priority":10},
{"action":{"type":"block"},"condition":{"domainType":"thirdParty","resourceTypes":["image"],"urlFilter":"||florariafocsani.ro/image/catalog/adv/"},"id":320,"priority":10},
{"action":{"type":"allow"},"condition":{"urlFilter":"||trafictube.ro/wp-content/themes/trafictubenew/js/player.js?ver=3"},"id":321,"priority":30},
{"action":{"type":"allow"},"condition":{"urlFilter":"||trafictube.ro/wp-content/themes/trafictubenew/js/test.js"},"id":322,"priority":30},
{"action":{"type":"allow"},"condition":{"urlFilter":"||zoso.ro/wp-content/themes/zoso4/images/logo.png"},"id":323,"priority":30},
{"action":{"type":"allow"},"condition":{"urlFilter":"||zoso.ro/wp-content/plugins/comment-rating/images/1_14_up.png"},"id":324,"priority":30},
{"action":{"type":"allow"},"condition":{"urlFilter":"||zoso.ro/wp-content/plugins/comment-rating/images/1_14_down.png"},"id":325,"priority":30},
{"action":{"type":"allow"},"condition":{"urlFilter":"||zoso.ro/wp-content/plugins/comment-rating/images/1_14_gray_up.png"},"id":326,"priority":30},
{"action":{"type":"allow"},"condition":{"urlFilter":"||zoso.ro/wp-content/plugins/comment-rating/images/1_14_gray_down.png"},"id":327,"priority":30},
{"action":{"type":"allow"},"condition":{"urlFilter":"||zoso.ro/wp-content/plugins/classic-smilies/img/icon_*.gif"},"id":328,"priority":30},
{"action":{"type":"allow"},"condition":{"urlFilter":"||zoso.ro/wp-content/themes/zoso/icons/favicon.ico"},"id":329,"priority":30},
{"action":{"type":"allow"},"condition":{"urlFilter":"||luju.ro/static/images/jurindex.jpg"},"id":330,"priority":30},
{"action":{"type":"allow"},"condition":{"urlFilter":"||luju.ro/static/images/unbr2.png"},"id":331,"priority":30},
{"action":{"type":"allow"},"condition":{"urlFilter":"||luju.ro/static/images/en.jpg"},"id":332,"priority":30},
{"action":{"type":"allow"},"condition":{"urlFilter":"||luju.ro/static/images/ladylft.jpg"},"id":333,"priority":30},
{"action":{"type":"allow"},"condition":{"urlFilter":"||luju.ro/static/images/ladyrht.jpg"},"id":334,"priority":30},
{"action":{"type":"allow"},"condition":{"urlFilter":"||luju.ro/static/images/home.jpg"},"id":335,"priority":30},
{"action":{"type":"allow"},"condition":{"urlFilter":"||luju.ro/static/images/logo.jpg"},"id":336,"priority":30},
{"action":{"type":"allow"},"condition":{"urlFilter":"||luju.ro/static/images/shadow.jpg"},"id":337,"priority":30},
{"action":{"type":"allow"},"condition":{"urlFilter":"||nosteam.ro/ads/advertisements.js"},"id":338,"priority":30},
{"action":{"type":"allow"},"condition":{"initiatorDomains":["romaniatv.net"],"urlFilter":"||imasdk.googleapis.com/js/sdkloader/ima3.js"},"id":339,"priority":30},
{"action":{"type":"allow"},"condition":{"urlFilter":"||focuspress.ro/*/logo-600x90-constanta.png"},"id":340,"priority":30},
{"action":{"type":"allow"},"condition":{"initiatorDomains":["libertatea.ro"],"resourceTypes":["stylesheet"],"urlFilter":"||onesignal.com/sdks/onesignalsdkstyles.css"},"id":341,"priority":30},
{"action":{"type":"allow"},"condition":{"resourceTypes":["image"],"urlFilter":"||zoso.ro/wp-content/themes/zoso/images/logo.svg"},"id":342,"priority":30},
{"action":{"type":"allow"},"condition":{"initiatorDomains":["olx.ro"],"resourceTypes":["script"],"urlFilter":"||s1.olx.ro/static/olxro/naspersclassifieds-regional/olxeu-atlas-web/static/js/tracking/ninja.js"},"id":343,"priority":30},
{"action":{"type":"allow"},"condition":{"initiatorDomains":["catchy.ro"],"resourceTypes":["script"],"urlFilter":"||ado.icorp.ro/files/js/ado.js"},"id":344,"priority":30},
{"action":{"type":"allow"},"condition":{"initiatorDomains":["9am.ro","a1.ro","antena3.ro","antenastars.ro","as.ro","cancan.ro","catchy.ro","csid.ro","dcnews.ro","divahair.ro","evz.ro","jurnalul.ro","kanald.ro","kfetele.ro","kudika.ro","life.ro","observator.tv","observatornews.ro","prosport.ro","qbebe.ro","spynews.ro","stirilekanald.ro","video.onnetwork.tv","wall-street.ro","wowbiz.ro","ziaruldeiasi.ro","zutv.ro"],"resourceTypes":["script"],"urlFilter":"||imasdk.googleapis.com/js/sdkloader/ima3.js"},"id":345,"priority":30},
{"action":{"type":"allow"},"condition":{"initiatorDomains":["libertatea.ro"],"resourceTypes":["script"],"urlFilter":"||googletagmanager.com/gtm.js"},"id":346,"priority":30},
{"action":{"type":"allow"},"condition":{"initiatorDomains":["libertatea.ro"],"resourceTypes":["script"],"urlFilter":"||onesignal.com/api/*/sync/"},"id":347,"priority":30},
{"action":{"type":"allow"},"condition":{"initiatorDomains":["emag.ro"],"resourceTypes":["script"],"urlFilter":"||s1emagst.akamaized.net/layout/all/js/showads.js"},"id":348,"priority":30},
{"action":{"type":"allow"},"condition":{"initiatorDomains":["emag.ro"],"resourceTypes":["script"],"urlFilter":"||googletagmanager.com/gtm.js?id=gtm-tks335"},"id":349,"priority":30},
{"action":{"type":"allow"},"condition":{"initiatorDomains":["national.ro","savoriurbane.com"],"resourceTypes":["script"],"urlFilter":"||pagead2.googlesyndication.com/pagead/managed/js/adsense/"},"id":350,"priority":30},
{"action":{"type":"allow"},"condition":{"initiatorDomains":["national.ro","savoriurbane.com"],"resourceTypes":["script"],"urlFilter":"/adsid/integrator.js"},"id":351,"priority":30},
{"action":{"type":"allow"},"condition":{"initiatorDomains":["national.ro"],"resourceTypes":["script"],"urlFilter":"||securepubads.g.doubleclick.net/tag/js/gpt.js"},"id":352,"priority":30},
{"action":{"type":"allow"},"condition":{"initiatorDomains":["prosport.ro"],"resourceTypes":["script"],"urlFilter":"||brid.tv/player/"},"id":353,"priority":30},
{"action":{"type":"allow"},"condition":{"initiatorDomains":["liveplayer.romaniatv.net"],"resourceTypes":["script"],"urlFilter":"||liveplayer.romaniatv.net/js/ads.js"},"id":354,"priority":30},
{"action":{"type":"allow"},"condition":{"initiatorDomains":["digi24.ro"],"resourceTypes":["script"],"urlFilter":"||scdn.cxense.com/cx.js"},"id":355,"priority":30},
{"action":{"type":"allow"},"condition":{"initiatorDomains":["savoriurbane.com"],"resourceTypes":["script"],"urlFilter":"||pagead2.googlesyndication.com/pagead/js/adsbygoogle.js"},"id":356,"priority":30},
{"action":{"type":"allow"},"condition":{"initiatorDomains":["kanald.ro"],"resourceTypes":["script"],"urlFilter":"||cdnjs.cloudflare.com/ajax/libs/videojs-contrib-ads/"},"id":357,"priority":30},
{"action":{"type":"allow"},"condition":{"initiatorDomains":["digisport.ro"],"resourceTypes":["script"],"urlFilter":"||imasdk.googleapis.com/js/sdkloader/ima3_dai.js"},"id":358,"priority":30},
{"action":{"type":"allow"},"condition":{"initiatorDomains":["digi24.ro"],"resourceTypes":["xmlhttprequest"],"urlFilter":"||pubads.g.doubleclick.net/ssai/event/"},"id":359,"priority":30},
{"action":{"type":"allow"},"condition":{"initiatorDomains":["savoriurbane.com"],"resourceTypes":["xmlhttprequest"],"urlFilter":"||pagead2.googlesyndication.com/getconfig/"},"id":360,"priority":30},
{"action":{"type":"allow"},"condition":{"domainType":"firstParty","resourceTypes":["image"],"urlFilter":"||trafictube.ro/favicon.ico"},"id":361,"priority":30},
{"action":{"type":"allow"},"condition":{"domainType":"firstParty","resourceTypes":["image"],"urlFilter":"||dez.ro/media/images/ads/"},"id":362,"priority":30},
{"action":{"type":"allow"},"condition":{"domainType":"firstParty","resourceTypes":["image"],"urlFilter":"||vitan-auto.ro/*/ads_images/"},"id":363,"priority":30},
{"action":{"type":"allow"},"condition":{"domainType":"firstParty","resourceTypes":["image"],"urlFilter":"||obiectivbr.ro/sites/default/files/banner/bogdi1024-web.jpg"},"id":364,"priority":30},
{"action":{"type":"allow"},"condition":{"domainType":"firstParty","requestDomains":["digisport.ro"],"resourceTypes":["xmlhttprequest"]},"id":365,"priority":30},
{"action":{"type":"block"},"condition":{"initiatorDomains":["filmexxx.live"],"resourceTypes":["script"],"urlFilter":"||gonowx.com/*?filmexxx.live"},"id":366,"priority":10}
]
