[
{"action":{"redirect":{"extensionPath":"/web_accessible_resources/noop-1s.mp4"},"type":"redirect"},"condition":{"requestDomains":["video.veilduck.app"]},"id":1,"priority":11},
{"action":{"redirect":{"extensionPath":"/web_accessible_resources/noop-1s.mp4"},"type":"redirect"},"condition":{"urlFilter":"||smrmembers-smr.smartmediarep.com/smc/smrmembers/"},"id":2,"priority":11},
{"action":{"redirect":{"extensionPath":"/web_accessible_resources/noop.txt"},"type":"redirect"},"condition":{"urlFilter":"||news.mobfeed.co.kr/front/personal/coupang"},"id":3,"priority":11},
{"action":{"redirect":{"extensionPath":"/web_accessible_resources/2x2.png"},"type":"redirect"},"condition":{"urlFilter":"||bigkinds.or.kr/resources/files/banner/"},"id":4,"priority":11},
{"action":{"redirect":{"extensionPath":"/web_accessible_resources/2x2.png"},"type":"redirect"},"condition":{"urlFilter":"||bigkinds.or.kr/assets/*/img/content/*banner"},"id":5,"priority":11},
{"action":{"redirect":{"extensionPath":"/web_accessible_resources/noop.txt"},"type":"redirect"},"condition":{"initiatorDomains":["kakaotv.daum.net","play-tv.kakao.com","tv.kakao.com"],"regexFilter":"^https:\\/\\/videoads\\.kakao\\.com\\/adserver\\/api\\/v[0-9]+\\/vmap"},"id":6,"priority":11},
{"action":{"redirect":{"extensionPath":"/web_accessible_resources/2x2.png"},"type":"redirect"},"condition":{"initiatorDomains":["kakaotv.daum.net","play-tv.kakao.com","tv.kakao.com"],"urlFilter":"/embed/player/image/ads.png"},"id":7,"priority":11},
{"action":{"redirect":{"extensionPath":"/web_accessible_resources/google-ima.js"},"type":"redirect"},"condition":{"initiatorDomains":["laftel.net","sbs.co.kr"],"urlFilter":"||imasdk.googleapis.com/js/sdkloader/ima3.js"},"id":8,"priority":11},
{"action":{"redirect":{"extensionPath":"/web_accessible_resources/2x2.png"},"type":"redirect"},"condition":{"initiatorDomains":["maxmovie.com"],"urlFilter":"||advimg.ad-mapps.com/sdk/m_plus/image/"},"id":9,"priority":11},
{"action":{"redirect":{"extensionPath":"/web_accessible_resources/noop.txt"},"type":"redirect"},"condition":{"initiatorDomains":["mbn.co.kr"],"urlFilter":"||ad.smartmediarep.com/netinsight/video/"},"id":10,"priority":11},
{"action":{"redirect":{"extensionPath":"/web_accessible_resources/2x2.png"},"type":"redirect"},"condition":{"initiatorDomains":["tv.nate.com"],"urlFilter":"||adimg.nate.com/img/*?n="},"id":11,"priority":11},
{"action":{"redirect":{"extensionPath":"/web_accessible_resources/noop.js"},"type":"redirect"},"condition":{"initiatorDomains":["game.hotsharegames.com"],"urlFilter":"||imasdk.googleapis.com/js/sdkloader/ima3.js"},"id":12,"priority":11},
{"action":{"redirect":{"extensionPath":"/web_accessible_resources/noop.js"},"type":"redirect"},"condition":{"initiatorDomains":["m.cafe.naver.com","m.search.naver.com"],"resourceTypes":["script"],"urlFilter":"||ssl.pstatic.net/tveta/libs/glad/prod/gfp-core.js"},"id":13,"priority":11},
{"action":{"redirect":{"extensionPath":"/web_accessible_resources/googlesyndication_adsbygoogle.js"},"type":"redirect"},"condition":{"resourceTypes":["script"],"urlFilter":"||pagead2.googlesyndication.com/pagead/js/adsbygoogle.js"},"id":14,"priority":11},
{"action":{"redirect":{"extensionPath":"/web_accessible_resources/amazon_apstag.js"},"type":"redirect"},"condition":{"resourceTypes":["script"],"urlFilter":"||amazon-adsystem.com/aax2/apstag.js"},"id":15,"priority":11},
{"action":{"redirect":{"extensionPath":"/web_accessible_resources/googletagservices_gpt.js"},"type":"redirect"},"condition":{"resourceTypes":["script"],"urlFilter":"||googletagservices.com/tag/js/gpt.js"},"id":16,"priority":11},
{"action":{"redirect":{"extensionPath":"/web_accessible_resources/googletagservices_gpt.js"},"type":"redirect"},"condition":{"resourceTypes":["script"],"urlFilter":"||securepubads.g.doubleclick.net/tag/js/gpt.js"},"id":17,"priority":11},
{"action":{"redirect":{"extensionPath":"/web_accessible_resources/noop.js"},"type":"redirect"},"condition":{"initiatorDomains":["m.sports.naver.com"],"resourceTypes":["script"],"urlFilter":"||ssl.pstatic.net/tveta/libs/ssp-video/prod/ssp.web.sdk_"},"id":18,"priority":11},
{"action":{"redirect":{"extensionPath":"/web_accessible_resources/googlesyndication_adsbygoogle.js"},"type":"redirect"},"condition":{"initiatorDomains":["aagag.com"],"resourceTypes":["xmlhttprequest"],"urlFilter":"||pagead2.googlesyndication.com/pagead/js/adsbygoogle.js"},"id":19,"priority":11},
{"action":{"redirect":{"extensionPath":"/web_accessible_resources/noop.txt"},"type":"redirect"},"condition":{"initiatorDomains":["maxmovie.com"],"resourceTypes":["xmlhttprequest"],"urlFilter":"||mtag.mman.kr/get_ad.mezzo/"},"id":20,"priority":11},
{"action":{"redirect":{"extensionPath":"/web_accessible_resources/noop-1s.mp4"},"type":"redirect"},"condition":{"resourceTypes":["media"],"urlFilter":"||advod.sbs.co.kr/sbsad/"},"id":21,"priority":11}
]
